config_name,ensemble_param,n_tests,sigma,seed,D_recovered,D_err_pct,val_mse,median_weak_residual,median_strong_residual,elapsed_sec
tiny_n8,"n=8,sigma=0.25",8,0.25,0,0.02000688947737217,1.3007062145426294,0.0012589850230142474,0.0002105510502588004,0.01392432115972042,85.72849607467651
tiny_n8,"n=8,sigma=0.25",8,0.25,1,0.020796936005353928,5.300941799260392,0.0012004536110907793,0.0002283554058521986,0.016708824783563614,82.11817812919617
tiny_n8,"n=8,sigma=0.25",8,0.25,2,0.020079215988516808,1.6669163975534549,0.0011768771801143885,0.00035475072218105197,0.013342246413230896,81.87423515319824
small_n16,"n=16,sigma=0.25",16,0.25,0,0.0200753603130579,1.6473939901665786,0.00125454633962363,0.0005248627276159823,0.014270443469285965,84.36551809310913
small_n16,"n=16,sigma=0.25",16,0.25,1,0.02076844871044159,5.156702331349819,0.001206308719702065,0.00034425282501615584,0.018802901729941368,82.45654106140137
small_n16,"n=16,sigma=0.25",16,0.25,2,0.02002944052219391,1.4148887199691569,0.0011754839215427637,0.0005536773824132979,0.013591407798230648,85.2151107788086
medium_n64,"n=64,sigma=0.25",64,0.25,0,0.020114967599511147,1.8479372127146652,0.0012427952606230974,0.0006628765258938074,0.014555735513567924,105.16954302787781
medium_n64,"n=64,sigma=0.25",64,0.25,1,0.020848074927926064,5.559873052790194,0.0012024648021906614,0.0005744765512645245,0.019412796944379807,105.79698991775513
