{
  "32ww": {
    "D_phys_um2_per_s": 90.93883,
    "D_norm": 0.12739329690443998
  },
  "56ww": {
    "D_phys_um2_per_s": 9.448266,
    "D_norm": 0.013235773494888
  }
}