sigma,var_grad,var_lap
0.0,6.5945305824279785,1454.7861328125
0.005,6.69283390045166,1450.8199462890625
0.01,6.582143783569336,1444.3167724609375
0.02,6.559115409851074,1407.0892333984375
0.05,6.556869983673096,1522.07666015625
0.1,6.576769828796387,1605.60498046875
0.2,7.638372421264648,21840.984375
