Model,Horizon,Threshold,TSS,HSS,POD,FPR,FAR,CSI,Accuracy,TP,FN,FP,TN
Benchmark (No Physics),6h,0.24266144814090018,0.7123393768702694,0.08936557370429392,0.8,0.08766062312973068,0.9467680608365019,0.0525328330206379,0.9116515045486354,28,7,498,5183
Benchmark (No Physics),12h,0.26418786692759294,0.680917020273456,0.1394360910875934,0.7666666666666667,0.08574964639321075,0.9133709981167608,0.08440366972477065,0.9127011896431071,46,14,485,5171
Benchmark (No Physics),24h,0.2462744414806366,0.745609768009768,0.14911729254860856,0.8791208791208791,0.1335111111111111,0.9037304452466908,0.09501187648456057,0.8666899930020994,80,11,751,4874
