{
  "n_seeds": 3,
  "grand_mean_tss": 0.8057809481692785,
  "best_mean_horizon": "6h",
  "weak_mean_tss": {
    "6h": 0.8169839314004074,
    "12h": 0.8106003457488606,
    "24h": 0.7897585673585673
  },
  "delta_tss_vs_baseline": {
    "6h": 0.10464455453013799,
    "12h": 0.12968332547540462,
    "24h": 0.04414879934879934
  },
  "delta_tss_vs_strong": {
    "6h": 0.04961400155908169,
    "12h": 0.08215857300015716,
    "24h": 0.02480423280423283
  },
  "delta_tss_vs_defn_mean": {
    "6h": 0.03250634948575448,
    "12h": 0.05762061920477768,
    "24h": 0.04354240130240128
  },
  "monotonicity": {
    "violations_total": 0,
    "n_windows_total": 17148,
    "violation_fraction": 0.0
  }
}
